{
  "created_at": "2026-03-25T22:42:29",
  "source": {
    "calib_stereo": "d:\\Python\\camera-stereo-4\\configuration\\calibracion_estereo.npz",
    "camera_index": 1400,
    "camera_name_requested": "3D USB Camera",
    "camera_name_selected": "3D USB Camera",
    "left_image_size": [
      1280,
      720
    ]
  },
  "chessboard": {
    "inner_corners": [
      7,
      10
    ],
    "square_mm": 22.0,
    "square_cm": 2.2
  },
  "reference": {
    "world_unit": "cm",
    "robot_ref_px": [
      640,
      719
    ]
  },
  "homography": {
    "img_to_world": [
      [
        -0.0009080902396799075,
        0.19191402645370959,
        -129.64353799655706
      ],
      [
        -0.08399368174587514,
        -0.01900147506929474,
        49.98835133609142
      ],
      [
        0.00023440545686099972,
        -0.004006187617158778,
        1.0
      ]
    ],
    "world_to_img": [
      [
        -6.972110468332554,
        -12.595651515004512,
        -274.2532151784471
      ],
      [
        -3.681477798628812,
        -1.1339723022902803,
        -420.5944010177329
      ],
      [
        -0.01311439003009686,
        -0.001590416347799776,
        -0.6206936310040533
      ]
    ],
    "reprojection_rmse_cm": 0.6324121952056885
  },
  "samples": {
    "img_points_px": [
      [
        441.1737365722656,
        673.5520629882812
      ],
      [
        445.3290100097656,
        658.2887573242188
      ],
      [
        449.17877197265625,
        644.6153564453125
      ],
      [
        452.5677490234375,
        631.6486206054688
      ],
      [
        455.9918212890625,
        618.1310424804688
      ],
      [
        461.4085388183594,
        598.67138671875
      ],
      [
        461.7265930175781,
        590.9778442382812
      ],
      [
        483.0576477050781,
        675.0796508789062
      ],
      [
        485.45599365234375,
        659.5582885742188
      ],
      [
        487.57476806640625,
        645.5432739257812
      ],
      [
        489.5038146972656,
        631.8561401367188
      ],
      [
        489.6781921386719,
        625.31005859375
      ],
      [
        492.9017028808594,
        611.8125610351562
      ],
      [
        495.58453369140625,
        591.2489013671875
      ],
      [
        524.5787963867188,
        676.7872924804688
      ],
      [
        525.0921630859375,
        660.9632568359375
      ],
      [
        525.477294921875,
        646.371826171875
      ],
      [
        526.7476806640625,
        624.5435791015625
      ],
      [
        525.504150390625,
        613.2122192382812
      ],
      [
        527.8046264648438,
        600.3326416015625
      ],
      [
        526.5225830078125,
        592.20068359375
      ],
      [
        565.8641357421875,
        677.8056640625
      ],
      [
        564.4949340820312,
        661.7188720703125
      ],
      [
        563.27880859375,
        646.6624145507812
      ],
      [
        560.6570434570312,
        624.9891967773438
      ],
      [
        561.6534423828125,
        614.3484497070312
      ],
      [
        558.7047729492188,
        600.7698974609375
      ],
      [
        559.7076416015625,
        592.923095703125
      ],
      [
        606.5728759765625,
        678.5798950195312
      ],
      [
        603.4942626953125,
        661.901123046875
      ],
      [
        600.6005859375,
        646.6409301757812
      ],
      [
        598.1693115234375,
        632.2777099609375
      ],
      [
        593.7427368164062,
        614.1287231445312
      ],
      [
        592.8648681640625,
        601.5877075195312
      ],
      [
        590.2203979492188,
        592.7670288085938
      ],
      [
        646.8634643554688,
        678.4788818359375
      ],
      [
        642.0386962890625,
        661.5751953125
      ],
      [
        637.6368408203125,
        646.5650634765625
      ],
      [
        630.8557739257812,
        625.546142578125
      ],
      [
        628.7863159179688,
        613.5230712890625
      ],
      [
        623.893310546875,
        602.2500610351562
      ],
      [
        623.8927612304688,
        602.2496948242188
      ],
      [
        686.9319458007812,
        678.4756469726562
      ],
      [
        680.2098388671875,
        662.1087036132812
      ],
      [
        674.156982421875,
        646.9144287109375
      ],
      [
        668.713623046875,
        632.75732421875
      ],
      [
        660.5874633789062,
        614.282958984375
      ],
      [
        660.5861206054688,
        614.2798461914062
      ],
      [
        657.4912719726562,
        602.1954345703125
      ],
      [
        726.262939453125,
        678.5187377929688
      ],
      [
        717.9780883789062,
        662.4830322265625
      ],
      [
        710.3895874023438,
        647.34033203125
      ],
      [
        699.910888671875,
        627.2601928710938
      ],
      [
        694.219970703125,
        613.6425170898438
      ],
      [
        688.0840454101562,
        603.4635009765625
      ],
      [
        688.0838012695312,
        603.4629516601562
      ],
      [
        765.238037109375,
        678.2393798828125
      ],
      [
        755.2281494140625,
        662.0782470703125
      ],
      [
        746.0814208984375,
        647.4507446289062
      ],
      [
        737.738037109375,
        633.6007690429688
      ],
      [
        725.8451538085938,
        615.0645141601562
      ],
      [
        720.189208984375,
        602.33544921875
      ],
      [
        713.5695190429688,
        593.2036743164062
      ],
      [
        803.9177856445312,
        678.0592651367188
      ],
      [
        792.2129516601562,
        662.543212890625
      ],
      [
        781.592529296875,
        647.5791015625
      ],
      [
        771.8342895507812,
        633.834716796875
      ],
      [
        762.9061279296875,
        620.4468383789062
      ],
      [
        750.3900146484375,
        602.6871948242188
      ],
      [
        750.389404296875,
        602.6861572265625
      ]
    ],